label,CONTRAST0,HOMOGENITY0,ENTROPY0,ENERGY0,CONTRAST45,HOMOGENITY45,ENTROPY45,ENERGY45,CONTRAST90,HOMOGENITY90,ENTROPY90,ENERGY90,CONTRAST135,HOMOGENITY135,ENTROPY135,ENERGY135
1,4.552288386,0.644010261,3.61497874,0.064522396,5.095604191,0.625877177,3.652355993,0.061951042,2.174151083,0.68892962,3.455846515,0.070649677,5.091636183,0.63020078,3.65259028,0.062271838
1,3.300935039,0.78496675,3.011607667,0.173186777,5.322400645,0.753999424,3.127793961,0.164812315,4.346579724,0.77028001,3.072446928,0.168263474,5.823919648,0.748376693,3.145396383,0.163225907
1,3.328125,0.785722535,2.971865426,0.182995099,5.372868746,0.7542167,3.086181809,0.175032099,4.362942913,0.770463439,3.032681185,0.178490497,5.8498357,0.751009986,3.097675258,0.173614876
1,3.43257874,0.786071307,2.945865724,0.189869974,5.390662781,0.755852512,3.051265621,0.182225478,4.253875492,0.77401465,2.994296221,0.186306418,5.711513423,0.754291041,3.060028283,0.181270524
1,3.374446358,0.779573452,2.947368818,0.200532739,5.000062,0.755515302,3.034622544,0.19425902,3.779896654,0.774638921,2.965557304,0.198528915,5.296670593,0.753299777,3.043882362,0.192846254
1,4.344549705,0.729661915,3.599405476,0.062661812,5.088040176,0.709835608,3.673410222,0.059359111,1.688422736,0.773348237,3.450859675,0.067544397,5.103788208,0.704719468,3.686789019,0.058579569
1,2.850578248,0.74147554,3.533399894,0.065742318,3.35488871,0.714539368,3.611564148,0.062118502,1.628813976,0.764684279,3.430378162,0.069714125,3.559365119,0.71000707,3.633937143,0.061038196
1,2.889025591,0.750068209,3.431838526,0.063843617,3.734701469,0.722424192,3.522937574,0.059247394,1.985420768,0.762605711,3.358696472,0.066323002,3.906937814,0.718468876,3.531291009,0.059065678
1,6.564037894,0.719145387,2.927442566,0.1918337,8.077376155,0.707700087,2.965870785,0.186938323,4.964628445,0.724337817,2.888036389,0.19327502,7.694587389,0.706842904,2.961773626,0.186946434
1,3.37949065,0.639606326,3.962605373,0.035787975,4.039680079,0.622960651,4.026653129,0.033957444,2.024114173,0.674647486,3.819889409,0.039135786,4.147064294,0.617958906,4.037153023,0.033428859
1,4.087721457,0.703678469,3.481742825,0.063729605,5.26523653,0.685704264,3.549728577,0.060661071,2.485605315,0.734323066,3.361148527,0.069136725,5.408580817,0.679792395,3.555290109,0.059837763
1,4.618356299,0.76865335,2.97429507,0.124966359,6.250356501,0.744849638,3.056527054,0.11811714,3.246801181,0.784302919,2.905151818,0.12993203,6.467418935,0.747940369,3.049393076,0.118773544
1,4.718996063,0.648744866,3.906590316,0.039429676,5.315580631,0.631230267,3.956293606,0.037200476,3.864419291,0.680262102,3.795214963,0.043223889,5.327794656,0.630938676,3.958087275,0.037030732
1,6.623708169,0.686279207,3.919277623,0.041495063,9.964597929,0.628057742,4.080674209,0.0369124,6.40871063,0.673195702,3.918099357,0.042021458,9.968193936,0.627130809,4.087965605,0.037216021
1,3.244525098,0.738717094,3.33527381,0.063717672,3.87004774,0.714878217,3.403443952,0.060427485,1.991941437,0.754541178,3.270352971,0.066324932,3.988839978,0.716516123,3.409248822,0.060592167
1,2.442544291,0.68004608,3.327123717,0.087363136,2.997457995,0.653838306,3.401244979,0.081465843,1.846149114,0.678349616,3.293402472,0.084586297,3.07483415,0.646190276,3.41390657,0.079576961
1,3.439653051,0.692310613,3.346712487,0.058438578,4.107942216,0.668585827,3.401976042,0.055141705,2.636872539,0.696552252,3.309778855,0.059465714,4.148800298,0.666835832,3.408147278,0.05497917
1,2.997416339,0.673167087,3.514262819,0.050596988,3.441440883,0.658701307,3.551018379,0.048518318,1.980930118,0.688022759,3.440282278,0.052085748,3.639221278,0.654893077,3.566495058,0.04812832
1,4.545214075,0.7094699,3.07059003,0.146631374,5.437906876,0.695058168,3.120685701,0.140739793,3.097194882,0.722942522,3.007757698,0.14956262,5.394010788,0.697842421,3.118429216,0.141765594
1,6.580954724,0.562436309,4.065905347,0.032454607,7.310868622,0.551738068,4.106225954,0.031389763,5.243171752,0.575673147,4.012495823,0.033726891,7.394382789,0.553169165,4.10682698,0.031435508
1,6.140501969,0.56430241,4.146541984,0.033073624,6.887469775,0.544382734,4.198629644,0.031385826,4.978531004,0.570044916,4.100308885,0.033550122,6.843139686,0.547809123,4.193129865,0.03160801
1,4.881151575,0.552247749,4.31394498,0.024551586,5.893483787,0.536391797,4.371027505,0.023319083,4.283833661,0.554252363,4.277061955,0.02481659,5.757579515,0.537888742,4.367524829,0.023373266
1,2.406926673,0.674697211,3.142017114,0.102348156,2.614545229,0.664662778,3.166795546,0.100103042,2.235605315,0.680094508,3.122208716,0.102551425,2.817967636,0.657802762,3.187292455,0.098267909
1,5.140686516,0.561769507,3.963650364,0.042805809,5.551925104,0.551370654,4.005045633,0.041095784,4.513287402,0.569417665,3.926196141,0.04364478,5.706801414,0.547272191,4.015577412,0.040362949
1,1.697650098,0.738514042,3.28934256,0.078479268,2.047306095,0.715605601,3.345014913,0.07481915,0.919475886,0.825839656,3.011456174,0.112700226,2.087730175,0.721857734,3.336215829,0.077941229
1,3.072281004,0.73175348,3.499510687,0.072078877,3.627193254,0.720771613,3.538569299,0.071440795,1.395300197,0.801402902,3.243892647,0.093762808,3.448632897,0.720560528,3.530504791,0.07098699
1,5.742433563,0.681054225,3.812137009,0.047235885,8.308388617,0.644647648,3.915943188,0.042864304,7.09288878,0.685231848,3.782032096,0.048024702,8.930993862,0.6425141,3.928993504,0.042677604
1,7.446973425,0.671629769,3.859495964,0.043250237,9.627007254,0.640984477,3.950654957,0.039728895,6.437253937,0.684574136,3.794810054,0.045601791,10.20683241,0.640150827,3.960318616,0.039645445
1,4.61632628,0.677911994,3.539218874,0.076233896,6.065658131,0.655938162,3.612365356,0.074216599,3.499692421,0.693725011,3.461694265,0.079673722,6.288796578,0.650910079,3.623503386,0.074048139
1,4.765748031,0.638604357,3.879265635,0.044133803,6.309566619,0.609997501,3.959871958,0.042216195,3.584092028,0.652837601,3.803132124,0.04543163,6.567301135,0.610573761,3.970535039,0.042030608
1,7.990465059,0.724268283,3.076889965,0.183595224,9.367288735,0.71123847,3.113114811,0.180765329,6.513656496,0.737275767,3.009800466,0.188680182,9.481988964,0.712547093,3.114074332,0.180698464
1,8.115280512,0.774354526,2.606549202,0.303959309,8.409138818,0.771436361,2.612049459,0.303394153,5.901267224,0.79698684,2.520838762,0.311318017,8.706367413,0.770944986,2.618311569,0.303535613
1,9.959399606,0.694672203,3.093421893,0.18996624,10.79050158,0.688638191,3.119849604,0.186491107,6.54195374,0.712951953,3.019504262,0.198064011,10.96230392,0.687266113,3.127385094,0.185531177
1,9.253137303,0.667541581,3.26803179,0.183512193,10.58825718,0.659666578,3.305827837,0.178434938,7.222256398,0.684116086,3.202472129,0.190471698,10.71417943,0.658710831,3.307857848,0.179248551
1,6.411294291,0.617195552,4.151596062,0.029888485,10.01066402,0.568058397,4.292449541,0.026355373,8.105622539,0.606096504,4.161860189,0.029809687,10.37789076,0.566263437,4.308193677,0.026009679
1,7.585752953,0.632703212,4.066131323,0.033200542,10.29288859,0.596584167,4.172478233,0.030448751,6.55714813,0.633172672,4.018214002,0.034827917,10.37255875,0.597289595,4.179951557,0.030263547
1,5.858698327,0.642216551,4.057301083,0.033468849,7.84512369,0.609279706,4.159038499,0.030415093,6.141363189,0.650207907,4.011833546,0.034283785,8.402380805,0.607053919,4.170583095,0.029982182
1,7.017408957,0.638925583,3.991138535,0.036933796,9.203484407,0.613604469,4.07203141,0.03426085,6.017839567,0.660223856,3.881359149,0.040452493,9.813999628,0.606577883,4.09090168,0.033934201
1,4.693897638,0.694514962,3.191762128,0.097633295,5.632339265,0.679445862,3.238803843,0.093333389,3.462598425,0.705504785,3.145421228,0.100675422,5.721309443,0.675961862,3.246883428,0.092261714
1,3.079478346,0.65851692,3.299277191,0.066815642,3.580321161,0.645369504,3.341600392,0.064412353,2.082861713,0.678994531,3.226624201,0.069667222,3.723727447,0.647158554,3.345810768,0.064243618
1,2.593626969,0.63459545,3.471709273,0.053869383,3.16479633,0.619466569,3.525167526,0.051471787,2.263902559,0.631690321,3.453017068,0.05345721,3.229028458,0.619819575,3.528584956,0.051344817
1,4.269869587,0.695087868,3.388762613,0.11389553,5.06981214,0.683476681,3.428885872,0.11158178,2.880413386,0.715270587,3.304234804,0.118166711,5.328352657,0.683692679,3.43389593,0.110962482
1,3.937623031,0.711526587,3.301762372,0.107911078,4.613305227,0.700372248,3.345440929,0.105083975,2.288508858,0.741194232,3.185378077,0.113741496,5.022630045,0.698097384,3.358873536,0.104202527
1,4.720718504,0.71838327,3.311152574,0.084935156,7.467666935,0.672639046,3.444356997,0.076220355,5.672367126,0.707900035,3.333569726,0.083857404,7.546469093,0.672534247,3.44572219,0.077008238
1,3.436700295,0.801838404,2.822019379,0.166588396,8.116994234,0.753069474,3.024263471,0.14763194,7.509657972,0.767592221,2.979709685,0.151598859,8.159402319,0.752826599,3.026616502,0.147929407
1,3.295152559,0.861068478,2.227769905,0.297728609,6.991381983,0.824568374,2.384173303,0.276910899,6.465674213,0.836924997,2.335252967,0.283691843,7.208382417,0.823768792,2.386585253,0.278053197
1,3.19574311,0.742141249,3.933166243,0.045394707,6.207762416,0.688933547,4.114673595,0.040843259,4.738681102,0.724433831,3.968762692,0.045308498,6.510571021,0.686447662,4.129985665,0.041029975
1,3.192974902,0.745798926,3.906338028,0.043661287,6.126108252,0.698037645,4.073621731,0.039280728,4.683809055,0.730674536,3.927419386,0.042925451,6.348316697,0.69398226,4.078970094,0.039337872
1,2.470226378,0.768421275,3.518401961,0.055114771,4.714365429,0.720037757,3.694343792,0.048025383,3.183316929,0.75650077,3.541094362,0.0538801,4.665509331,0.714851203,3.698752291,0.047387188
1,3.318774606,0.743225433,3.621508057,0.049765016,4.712009424,0.706640154,3.742466597,0.044571087,2.609251969,0.760124458,3.543777471,0.052387925,4.947733895,0.703596839,3.755979473,0.044292329
0,3.446112205,0.736333941,3.508587898,0.057584252,5.367350735,0.692300472,3.650225754,0.051304067,3.803641732,0.72424914,3.532994873,0.05597549,5.412734825,0.694117709,3.647679938,0.051679825
0,3.18054872,0.774583287,3.107868213,0.09567599,4.159650319,0.738475763,3.215263005,0.087008696,2.334522638,0.761536903,3.113850523,0.092457335,4.152086304,0.737629431,3.210536041,0.087228993
0,5.313299705,0.678459693,3.562761798,0.059369143,7.43976688,0.639799267,3.670358176,0.053844152,5.383796752,0.656790145,3.595905709,0.056728836,7.423770848,0.638164517,3.672427703,0.053716269
0,6.445127953,0.64145141,3.733845264,0.054415243,8.338148676,0.615157199,3.8186788,0.050810695,5.995324803,0.633951984,3.735461097,0.053916968,8.431272863,0.60781023,3.83050514,0.049795954
0,3.439714567,0.770347257,3.072063403,0.14776683,4.22506045,0.733961292,3.19653579,0.136324917,2.60691437,0.768086827,3.068365469,0.145894818,4.298716597,0.738185432,3.186844883,0.137732045
0,3.736281988,0.780976016,2.980877608,0.161581763,4.516027032,0.742052635,3.11232847,0.148423084,2.829601378,0.768601998,3.003814465,0.156081545,4.761423523,0.741961604,3.115653305,0.148339464
0,4.305241142,0.732725496,3.229523433,0.119698783,5.682373365,0.708159523,3.323289641,0.111577253,3.909879429,0.747588903,3.179900671,0.122967708,6.02523405,0.706235516,3.331331964,0.111476604
0,3.421075295,0.769885266,3.058096523,0.150669976,4.229524459,0.735866575,3.17871594,0.139951559,2.699126476,0.768420536,3.054550383,0.148910245,4.326492653,0.739377696,3.170999328,0.140774739
0,3.668184055,0.781792231,2.961744013,0.164930948,4.508463017,0.743729981,3.097120796,0.151465813,2.88035187,0.766757852,2.99562996,0.158258923,4.72992746,0.742457924,3.101935764,0.151243663
0,2.76808563,0.763576596,3.300438964,0.092831347,3.896211792,0.735125574,3.406273275,0.086375992,2.448080709,0.767953484,3.274263008,0.09328684,4.287804576,0.721555498,3.449843605,0.083926862
0,3.181471457,0.742081355,3.422166633,0.087476979,4.363196726,0.709946763,3.537214356,0.08168713,2.510088583,0.757232695,3.359348367,0.090860924,4.457808916,0.712767567,3.533449654,0.081325183
0,3.063730315,0.744632362,3.409745767,0.095134988,4.093992188,0.71517439,3.51863144,0.08848238,2.333292323,0.758879131,3.353840477,0.097522067,4.127348255,0.712460222,3.525089799,0.088699213
0,1.984128937,0.701652101,3.340111819,0.071554279,2.655341311,0.669220308,3.430236635,0.065485687,2.158341535,0.693908101,3.360039545,0.069577418,2.781139562,0.668470261,3.439105891,0.065471151
0,2.194082185,0.80106951,2.946120098,0.115000435,3.340938682,0.768273957,3.060350216,0.105696408,2.44199065,0.794101064,2.955517401,0.112791502,3.363134726,0.769980768,3.059830421,0.106404141
0,3.010088583,0.774697169,3.356751738,0.080172374,4.820447641,0.724883706,3.515172021,0.071516666,3.274052657,0.765063888,3.380035693,0.078027633,5.027280055,0.726172545,3.519826786,0.071645053
0,3.519992618,0.765162864,3.548633812,0.062183858,5.505611011,0.728546009,3.682104195,0.056473969,4.15581939,0.759322174,3.563454456,0.061898857,6.20980842,0.715508308,3.721908622,0.055090116
0,3.300381398,0.694068133,3.502021809,0.052861876,4.452662905,0.668152638,3.592574471,0.048951827,3.12253937,0.697943488,3.493505078,0.053176877,4.504433009,0.674432411,3.580116006,0.049581077
0,5.513348917,0.606613951,3.801206368,0.04938788,8.038316077,0.576825496,3.873013496,0.046525894,6.120878445,0.602331104,3.783371041,0.049970974,8.820261641,0.566868966,3.898174062,0.045427063
0,3.043614665,0.72309171,3.488881052,0.068612051,3.760741521,0.699187763,3.563732227,0.06458756,2.39554626,0.737766108,3.422545496,0.071533447,3.812325625,0.699614822,3.565372173,0.064334218
0,2.932640256,0.726614085,3.436829239,0.070511599,3.53499907,0.702900354,3.509744856,0.066182837,2.156065453,0.746858501,3.357433492,0.074231692,3.549631099,0.707887357,3.499870533,0.066916725
0,2.877706693,0.75945027,3.294075633,0.077951501,4.290904582,0.721905156,3.415755287,0.071561839,2.869340551,0.761406366,3.277802045,0.079055248,4.387996776,0.718479532,3.424462675,0.071007217
0,2.902743602,0.725040928,3.657831697,0.063097391,4.133300267,0.67943362,3.808584448,0.056001213,2.899667815,0.719803248,3.66196074,0.062259244,4.217992436,0.678599191,3.816317571,0.055096643
0,2.51316437,0.752902413,3.546884489,0.067631479,3.903217806,0.701875204,3.72787942,0.058619141,2.685962106,0.736026768,3.597312982,0.063947463,3.860561721,0.700131072,3.72975744,0.058585837
0,3.014702264,0.791581539,3.213802944,0.082811988,5.16498233,0.741860651,3.402740751,0.07274338,3.617310531,0.767716588,3.300182204,0.076721006,5.396118792,0.736573817,3.419817304,0.07168834
0,2.490465059,0.757481776,3.284389607,0.089304492,4.417756836,0.718476652,3.433523334,0.081827113,3.355622539,0.744267974,3.339082288,0.087391771,4.266104532,0.725633274,3.409788235,0.083600042
0,2.596825787,0.757180211,3.293133717,0.084355863,3.907681815,0.725745698,3.41314995,0.078172954,2.830216535,0.763079638,3.302667882,0.085366179,4.241986484,0.730191929,3.413793604,0.078508089
0,5.333415354,0.703106223,3.448820062,0.07020385,6.796267593,0.675237703,3.535129443,0.064073997,4.589874508,0.713398173,3.400516087,0.071798607,7.217744435,0.668421204,3.54964489,0.06333128
0,3.795583169,0.754606542,3.128470826,0.098243887,5.000062,0.723121999,3.213058492,0.091125046,3.002522146,0.747702804,3.117114246,0.096598772,5.035278071,0.722536514,3.219307159,0.089566221
0,4.218565453,0.693825325,3.618366679,0.055838188,6.042594085,0.658078697,3.724074143,0.051264414,4.170275591,0.688929359,3.606764482,0.055840969,6.000434001,0.655456232,3.724505097,0.051084062
0,3.767716535,0.740262115,3.232135625,0.082889038,5.277326555,0.706512882,3.328579,0.076895153,3.319943406,0.739714351,3.218679514,0.083459181,5.026908054,0.709678289,3.318512808,0.078135675
0,3.761441929,0.646907455,3.542823672,0.0534781,4.370946742,0.621481677,3.595598476,0.050179348,3.024175689,0.649553463,3.508448013,0.053894709,4.65496931,0.619849995,3.607531227,0.050201401
0,3.990465059,0.707898056,3.600709624,0.05748536,5.405294811,0.683591123,3.682446058,0.054223856,3.326833169,0.721983589,3.527740394,0.060960803,5.42513485,0.678838864,3.691916232,0.053757896
0,4.076279528,0.722547081,3.40083349,0.058604437,5.422468845,0.689471874,3.500952781,0.053976497,2.920829232,0.729337981,3.362062526,0.060331186,5.381052762,0.6925612,3.49582966,0.054434304
0,6.173043799,0.657356291,3.618948725,0.052099513,7.313596627,0.634826598,3.685174989,0.048960192,5.281126969,0.666317197,3.586119025,0.053852616,7.671833344,0.639259787,3.688148947,0.049377333
0,5.807271161,0.6459655,3.501205507,0.059813969,7.578213156,0.624492601,3.565204685,0.056480698,5.529650591,0.651979024,3.481887833,0.060735971,7.597185194,0.620658295,3.571304188,0.056113789
0,6.769192913,0.595533004,3.781140401,0.042598113,8.212536425,0.576936835,3.830974126,0.040438717,6.241510827,0.601968725,3.750798106,0.04349548,8.354516709,0.570615935,3.837217503,0.039936133
0,6.040969488,0.610542255,3.736815341,0.043410317,7.415958832,0.580873323,3.801082327,0.04059689,5.909325787,0.608975112,3.72681082,0.043291698,7.675987352,0.579264714,3.807484274,0.040169449
0,2.220410925,0.734647525,3.429293879,0.083794554,3.113956228,0.70750403,3.519915292,0.078675286,2.162893701,0.75641884,3.3511959,0.086292648,3.273668547,0.703528436,3.532503091,0.078592784
0,2.950971949,0.713098711,3.630847131,0.058558752,4.177196354,0.685592436,3.727067225,0.054799947,2.885027067,0.728750332,3.571165962,0.060493382,4.382416765,0.681905079,3.742987568,0.053747257
0,5.215305118,0.674119411,3.531467554,0.059601148,6.33492467,0.65398888,3.583399238,0.056252989,4.215182087,0.691247506,3.478230942,0.061163855,5.907619815,0.661731007,3.572213532,0.056896782
0,4.136441929,0.690760886,3.634097179,0.059698044,5.575361151,0.655755492,3.73802232,0.055324582,3.802595965,0.681567659,3.639238313,0.058818092,5.707173414,0.654474866,3.744767598,0.055157561
0,3.616387795,0.703158847,3.627994888,0.059675129,4.774629549,0.672570064,3.725702302,0.055178006,3.462352362,0.698098936,3.627239606,0.058952701,5.220410441,0.66994165,3.741499815,0.055024751
0,3.472256398,0.751575276,3.220861408,0.099788447,4.473122946,0.722953541,3.310902101,0.094814652,2.674950787,0.751396487,3.207568283,0.100397141,4.480810962,0.722972336,3.310574752,0.094798833
0,1.850147638,0.717179803,3.545215113,0.055917056,2.421972844,0.6866144,3.635884175,0.052059108,1.420521654,0.728620003,3.477845441,0.057193082,2.533449067,0.6807603,3.649675218,0.051270326
0,2.045521654,0.710721616,3.575045938,0.050365795,2.647777296,0.680084087,3.661686422,0.047324544,1.59953248,0.719344723,3.518822685,0.051841954,2.833033666,0.673246458,3.678766818,0.046711992
0,3.639640748,0.717225279,3.592420903,0.060265261,4.815921632,0.683274942,3.694270546,0.055380647,2.755167323,0.728129113,3.536474139,0.062421968,4.822493645,0.683203793,3.702462098,0.055130917
0,3.451833169,0.719191115,3.598571235,0.060518783,4.299460599,0.690022262,3.691593572,0.055771583,2.714136319,0.732600056,3.542051126,0.063705214,4.518197036,0.689948745,3.701677986,0.056295086
0,4.345964567,0.674339738,3.604914578,0.050694632,5.553599107,0.650425539,3.67959893,0.047394759,4.058193898,0.676961044,3.586317205,0.050751077,5.890507781,0.643090539,3.696516105,0.046764665
0,3.973056102,0.682657787,3.614278162,0.05185897,4.943455887,0.660277058,3.68753255,0.048992531,3.455954724,0.69057715,3.574849561,0.052691233,5.323640647,0.654889123,3.707134099,0.048437037
0,4.105191929,0.666997928,3.713502174,0.043199612,5.660611321,0.639429431,3.799358696,0.040255736,4.372600886,0.664067466,3.72311767,0.042874406,5.880897762,0.639849307,3.81258994,0.040056829
1,3.0132874015748037,0.6431830535951879,3.6995196834417974,0.0564580549937467,3.786223572447145,0.6209730304021985,3.770410935256569,0.05295316462044667,1.8436269685039375,0.6877310509528838,3.5576731667899764,0.060715854097723815,3.6013392026784055,0.6221134723291999,3.7630771923823647,0.05335029369296137
1,3.110851377952754,0.6628594876589962,3.685804579694032,0.04949761773302842,3.6912393824787646,0.6241299927378607,3.766989255007717,0.04479465137242629,1.6011318897637798,0.687396837251826,3.543037102205776,0.05151620349627417,3.7307954615909242,0.6182947365876021,3.7745484424074225,0.044203403367436625
1,5.365342027559054,0.6726191651583825,3.6866763000265466,0.04989038042040928,7.643375286750577,0.638892767599101,3.7896794199277184,0.046036112656266476,5.589874507874018,0.6688748646588241,3.689878103877734,0.05001056620765588,7.8933597867195795,0.6334990647630534,3.798819870913883,0.045489960717660934
1,2.809670275590552,0.7194028307033262,3.441186357891018,0.057829605283234026,3.67958335916672,0.6868613948659948,3.5295198469696225,0.05447618465452072,2.0153789370078745,0.7167644517279761,3.4082287009665215,0.05885505569839265,3.6215512431024885,0.6821515665157258,3.533866572074787,0.05416439464536193
1,2.607344980314962,0.6872670048432721,3.5581731590241,0.05204297749904093,3.3197346394692784,0.6621331102586656,3.6300292488560637,0.04972904092996478,1.863250492125985,0.6929519584220192,3.509908812414014,0.05330926115953796,3.324818649637301,0.65736220818136,3.641539045400114,0.04928602584590623
1,4.583907480314962,0.6832031415723206,3.5719347169975726,0.052437111954302,4.969681939363878,0.6649343971701465,3.6185805592748888,0.04995749268577091,1.7089689960629935,0.7133457562101296,3.4378385475028703,0.05559247135339975,5.041850083700172,0.6612792819676055,3.6271348161837613,0.04978526157684716
1,3.1143577755905523,0.6539165337735876,3.8211001244297966,0.04470757269151257,4.431272862545725,0.6217406317731646,3.9188174767063533,0.041977399411429736,2.5904896653543283,0.6699665009950291,3.7641622471567877,0.04545108034307867,4.514849029698062,0.6150645932730859,3.939976707351375,0.04144545879766941
1,2.7905388779527573,0.6763732208033632,3.499302476607396,0.06533761633197095,3.3928327856655716,0.6508175573900014,3.5689880089976507,0.060643601726164315,1.8236958661417326,0.6947155943597959,3.4130115342912375,0.06555494409816946,3.5549011098022194,0.6516442244212701,3.576910826390623,0.060319808778993844
1,5.353715551181106,0.7585862870138882,3.0366720014608153,0.14382309422577833,6.32252464504929,0.744397753374767,3.0757373208953207,0.13969381940871886,3.6299212598425177,0.7764707715440382,2.9677382791553564,0.14809601304993625,6.511625023250046,0.7441320195636365,3.0761923805517175,0.14092539580701954
1,5.926550196850393,0.7407455610823586,3.1010133565224196,0.11227065819610157,7.332816665633331,0.7245553926484873,3.1570082082358457,0.10801376838664153,4.03617125984252,0.7511838373427553,3.0454760431617056,0.11462653235365067,7.2389484778969555,0.7244599047666087,3.155424945511371,0.10753350094957367
1,4.3980684055118076,0.7259451728912508,3.2132343714917595,0.16230567403761761,5.735817471634946,0.7052643854444405,3.27865469587443,0.15763057175565648,3.5348794291338574,0.7318019976560004,3.181872565238792,0.16357832837735986,5.401574803149607,0.7081286418746587,3.270430466969911,0.15884543437510212
1,6.52417568897638,0.7024949176765436,3.3045908992701474,0.1419750258323759,7.730671461342921,0.6890387998242211,3.3429656223131685,0.1386343088266808,4.492556594488188,0.7254235739136549,3.226525607376657,0.14753590792581975,8.149234298468597,0.6829283830338755,3.3600419452139887,0.138526543777621
1,4.072896161417321,0.7407253708410896,3.170192009706843,0.0911887825972919,6.577097154194306,0.6938423228846471,3.305505933936173,0.08091724441865399,4.727854330708663,0.7277325447018589,3.202610829823281,0.0890594507019094,6.552793105586211,0.6980882571327448,3.298834984381086,0.08208957685197908
1,3.8443651574803153,0.7582960070537632,3.4633696625180144,0.07451846709113329,5.135656271312544,0.731583425107883,3.55420531740827,0.0694371136401768,3.5548105314960643,0.7742199986899473,3.3919237904525494,0.07810384828533322,5.360716721433439,0.7312277718539383,3.557058851784242,0.0699595960541044
1,2.6836245078740175,0.6273514425221585,3.962255024315661,0.03588809100225622,3.0856841713683423,0.6116644209446127,4.029501511149924,0.0329451875966186,2.049581692913388,0.6237550051195203,3.9227027485371906,0.03491726154594887,3.181660363320727,0.6110252600773307,4.027618528127382,0.033727942525635185
1,4.582677165354329,0.6014852375816957,4.035302411358136,0.039320174770720626,6.243288486576973,0.5755786848022608,4.146615579110474,0.034944244728839134,4.809793307086615,0.5838192414345397,4.067808309541606,0.037154157071986015,6.597557195114395,0.5724965909848548,4.155356710654873,0.03470080323507413
1,2.449557086614174,0.6823887972739122,3.6096005217296825,0.05375688510166082,2.8084816169632347,0.6665309127107635,3.682540611214788,0.049596699168598296,1.8577140748031502,0.6752360422042947,3.5946463588790785,0.051896294832628746,2.9496558993118023,0.6640308006897339,3.696412165268013,0.04953713038432339
1,3.676734744094489,0.6268800441789558,3.905949904928795,0.041102504263114,5.562713125426255,0.5909575580668973,4.037786788246016,0.0362361913886206,4.744094488188977,0.5921218880870608,3.9847774629789052,0.03765830731124352,5.846549693099386,0.5877574631219924,4.047353776926432,0.03616272456675362
1,4.242064468503936,0.6274915477134752,3.769856939565223,0.045236715595501506,5.178188356376713,0.6066761589908258,3.855219844035308,0.04118184006719552,3.9047736220472427,0.6102290201246503,3.791330998665151,0.04319387697613287,5.594581189162382,0.600343762634094,3.876367685250423,0.04057595405165388
1,3.837044783464568,0.686588587904148,3.6007232430831673,0.05510285996157931,5.4070308140616286,0.6668673288113596,3.6987222223048155,0.05128251133184017,3.700295275590553,0.6883566306255625,3.5921158955349792,0.05500760629206804,5.388678777357558,0.6675951025445556,3.697696862036302,0.05151207208608227
1,4.424397145669293,0.6962582535690893,3.266766059896608,0.11009905125279,5.552731105462214,0.6810323475064564,3.3213403454540256,0.10580737083106007,3.098240649606298,0.7171236472393463,3.1918353815822518,0.11452630815417882,5.384524769049539,0.6807523470286853,3.3218998376896667,0.10592294691936396
1,2.759473425196852,0.7754810112703799,2.4868810427688017,0.29078194197648155,3.4604129208258443,0.7581797557128587,2.5404902412693584,0.28065997331077064,2.116941437007875,0.7696204119284258,2.466607439691441,0.28675296510749276,3.493520987041976,0.7569290939321645,2.5478616996985153,0.2780780577371187
1,2.8364911417322825,0.7695051722860343,3.2454299348064417,0.0815966493383182,5.546283092566189,0.7164247889762554,3.4337968432945085,0.07036885491713821,3.684424212598427,0.7597012649665238,3.251186236255122,0.08182374787601138,5.7408394816789645,0.7103193764360385,3.4476804644453654,0.06946866147436802
1,2.563053641732284,0.76565980499473,3.2308741490145305,0.08173644478392475,4.879471758943521,0.7198846516679784,3.3816629617174656,0.07336912813821908,3.243725393700788,0.7649800591981524,3.2067174852543228,0.08393329793251382,5.013640027280056,0.715553594841608,3.390677497859266,0.07255712601821383
1,3.6918061023622064,0.7582423584620703,3.2698157684716813,0.08236370031089674,5.6186992373984745,0.6980838441847067,3.4780572069209197,0.06772389941332674,2.944635826771655,0.7569110878262292,3.2606377078864646,0.08107459800124678,5.746047492094982,0.6983193649491459,3.4814199610681116,0.06735963475026953
1,3.799028051181102,0.7462068785248498,3.375382342788699,0.0775827221820459,6.764833529667059,0.6873906378252597,3.5700255453883583,0.06670024004069336,4.0568405511811,0.7428563053424658,3.3582745834783925,0.07950007904410343,6.854051708103418,0.6883722477016534,3.565521685042863,0.06723876160877748
1,5.730930118110238,0.6912601491043082,3.8322684777597322,0.044007431825898786,7.7934775869551745,0.6580642805931788,3.9401448421280296,0.03978237629734607,6.136503444881886,0.6970832444421027,3.8023100782579293,0.044401719540743796,8.868187736375473,0.6480309977088807,3.970340653639378,0.03926282494514272
1,5.949311023622047,0.6356058070829854,3.726305670006202,0.04772579314445738,7.626201252402503,0.6093636394700441,3.7899619748346067,0.04552817215250646,4.483267716535435,0.6542072966202517,3.6298976665387945,0.05048765761594025,7.816231632463264,0.6078118597926366,3.8000598512912607,0.04535071702668669
1,3.8272637795275593,0.6510700123925655,3.5464347120004374,0.05274738314369205,4.636617273234547,0.6297798239124243,3.594870060314564,0.051250994249771996,3.1031003937007884,0.6440808310530084,3.5179145530209963,0.0525394098883901,4.60189720379441,0.629779431083121,3.5931680679154177,0.051265509251831945
1,4.600639763779528,0.7254706949989463,3.062391211551007,0.22631973114288026,5.659123318246638,0.7107422908143197,3.104309531942967,0.2233426768918142,3.3825664370078745,0.7465475653583664,2.9833263459860966,0.2329127427419894,5.628929257858516,0.7104780275198579,3.1093382966020644,0.22301375026210898
1,3.464751476377953,0.7937095096707983,2.693155802020915,0.2938105575918183,4.661107322214647,0.7682998093255224,2.7647297028697695,0.29063318471357635,2.986466535433072,0.7939987351471397,2.6708442689997414,0.2984271165685886,4.378386756773516,0.7669591417655812,2.7634666812539144,0.29029547258672916
1,5.41529281496063,0.7475671996155937,3.0026381730065705,0.22562356178179152,6.288920577841155,0.7331610017487202,3.0417906782510604,0.22305134665449444,3.655757874015747,0.7737448839562937,2.9121255964630257,0.23159250413959814,6.618947237894475,0.7293337992194249,3.0547281100688237,0.22079903425725386
1,9.529589074803152,0.48016028018804496,4.4687125004861565,0.021150895390169688,10.037076074152148,0.4736581936408483,4.499610526944955,0.020482957017746127,8.86128198818898,0.4703888257625057,4.444912531866811,0.021211686466341688,9.952941905883815,0.4687890696348975,4.507580992522137,0.02032160831635198
1,8.52682086614174,0.5480441111893859,4.155238459133283,0.030274052430429084,9.472626945253891,0.5347722234575164,4.189614246113633,0.029431872863373724,7.990095964566929,0.5384305459145231,4.126855006901275,0.030613414559348667,9.78988157976316,0.531448514010405,4.2078448806689694,0.029084310447125443
1,6.043122539370077,0.6908502615023804,3.2334451830644566,0.1722838644041546,7.809287618575242,0.6682337930594292,3.309090150450288,0.16463603607348576,4.482960137795276,0.7073462614498591,3.1710445038664887,0.17730195213808395,7.80767561535123,0.6701235619778767,3.306514125415303,0.16595725298834813
1,2.9418676181102366,0.7553365215941787,3.261608006331817,0.07939043032627076,3.951515903031808,0.7237405848208568,3.373068770070765,0.07249121845258387,2.0402928149606296,0.779773303339019,3.1791852412410972,0.08401995960486061,4.217620435240872,0.7176498397723783,3.387261804889656,0.0712111325022452
1,2.9605684055118124,0.8354704130783559,2.6306617911972174,0.20577199735942436,5.467604935209874,0.8013503887835851,2.7594905798411786,0.19527238502675912,4.380905511811025,0.8229892327438249,2.684428726914894,0.20239033977823812,5.690309380618763,0.7980967407402185,2.7641266850071142,0.19591075297222826
1,3.6671382874015763,0.8014939702228581,2.9773961731502707,0.16396395408757608,6.364560729121464,0.7549729733669168,3.1346820384155203,0.15509339859897414,5.38527312992126,0.7768820531061422,3.055958168242619,0.16092354316056295,6.725773451546905,0.7495389943576135,3.1496548522970276,0.15342618378212144
1,3.3404896653543306,0.8136902687583037,2.8289786306106723,0.16656807282120428,6.443424886849771,0.76423032220271,2.989578598525156,0.15626302676748208,5.526390255905514,0.7879096156874107,2.912949560973167,0.16237982329480283,7.093310186620375,0.7587189645665429,3.0070161863470264,0.15442550861541682
1,3.9325172244094486,0.8146181562735973,2.7594260081236786,0.1669462096248411,6.940727881455768,0.7787045444477081,2.8976703194087126,0.15627450115337949,5.163877952755905,0.7999411648287251,2.8287593033382006,0.1627144211319673,7.140988281976567,0.7767858483591326,2.909340262626033,0.15546722717228678
1,3.646592027559055,0.8075037937744557,2.87489740916012,0.14408080873046505,8.584971169942335,0.7526122346647651,3.069348483387379,0.12790716876616343,7.463336614173225,0.7724375960959398,3.0015853187805446,0.13346858535758077,8.860995721991447,0.7509586633977873,3.071985282199825,0.1275446223779793
1,3.628075787401575,0.6975473887804855,3.203158638499745,0.1454377085389913,4.1700043400086795,0.6821069604718288,3.2519983705457176,0.13958280040064328,2.55640994094488,0.7189095194576254,3.1205978240841152,0.15060694049610754,4.6855973711947385,0.6728736106229982,3.285993192893255,0.13577204921165376
1,6.919721948818898,0.7405772450769376,3.039890227151697,0.15492074178728438,9.012834025668058,0.7212436384578678,3.1100533213356583,0.14870047236529468,4.142224409448818,0.7678974037082662,2.956644680202465,0.15859015653578187,9.071548143096285,0.7165370665514166,3.117311565578572,0.14796662292189983
1,7.874015748031497,0.7593773311126144,2.836727669548188,0.16315378608540418,10.848471696943395,0.735882768026987,2.918258249527671,0.15369246064922779,5.313053641732285,0.7840444015015374,2.7583210238404523,0.16806106714020058,10.791369582739168,0.7348316430973532,2.9212712918197212,0.15303793630713303
1,3.094857283464567,0.6911652171631245,3.5837915283131743,0.052833715591747585,3.245396490792982,0.6831217338211052,3.6075607784826174,0.05163001800986552,2.066313976377953,0.7044554656146654,3.515040698756881,0.054246218355717954,3.6417632835265668,0.6731792388557719,3.6436361951702088,0.05052946871967277
1,5.9258120078740175,0.79031182357307,3.1134692099111096,0.10297513142633696,10.909479818959632,0.7301664328484924,3.3228638059408007,0.08831964753023681,6.823572834645672,0.7721867917289937,3.187874840946005,0.09880918211543444,10.903031806063609,0.7287695824055013,3.325455819801558,0.08853002856976022
1,5.029343011811025,0.7784841692199702,3.3480986113603164,0.08126398900502889,10.362390724781443,0.7237878497594922,3.5551331571251366,0.07174836440317052,8.176427165354335,0.7555931279350886,3.443523029316701,0.07688243940941009,10.715481430962864,0.7212991667914312,3.5607137929676633,0.07159184186308107
1,6.279035433070866,0.772535044069705,3.2224350297257875,0.09131893971795757,9.814061628123254,0.7203783694020023,3.389284306334127,0.08198675136267747,6.001045767716537,0.7633261679005465,3.2564098892647118,0.09157895122430872,10.205654411308817,0.7121203082096201,3.408569989392894,0.08106445867551046
1,4.460076279527559,0.7619049593158674,3.483124085620106,0.05754631534897835,5.5408890817781655,0.728145262059178,3.5887197485904374,0.052376143316363755,1.9595226377952761,0.7854184820809411,3.3287715968580063,0.06304928802484559,5.6880153760307515,0.7225247918919219,3.599642416989406,0.051667468329666656
1,4.67384350393701,0.745413185620244,3.5583199767613234,0.053217146473355445,5.894847789695582,0.710028013625437,3.6625125226518613,0.04798538017932877,2.522637795275591,0.7712465244177868,3.4129174393653217,0.05824872672694565,6.2571145142290305,0.7052691229082306,3.674796140164724,0.04777202002788899
0,2.3398745078740166,0.7740453196159123,3.382234382533026,0.07835825162617119,4.138446276892556,0.7265382145901108,3.5650974639082333,0.06876394774551597,2.705462598425198,0.7723293247338241,3.3820714501272837,0.07764353596334143,4.319982639965281,0.7204421701546417,3.577040152246682,0.06791662489022793
0,2.33636811023622,0.7817188125169537,3.3549396967838283,0.08135533360910469,3.7338334676669365,0.735355842529642,3.516580684104153,0.07201568107643626,2.362635334645672,0.776901600984129,3.3488918899396953,0.080582755831039,3.8403496806993624,0.7304713083067027,3.5293331225905114,0.07097345510953665
0,1.9029896653543303,0.8195785513362065,2.9180957248724093,0.11405518062500972,2.7027094054188123,0.7886344254475603,3.035230567713931,0.1050750532277927,1.4419906496063,0.8260103291315212,2.880505593184685,0.11534232461775458,2.7794655589311166,0.7836402697216035,3.050035852123569,0.10422966391223872
0,3.8029035433070844,0.7746552253248524,3.0137824989405764,0.15469901111921394,4.511129022258045,0.7425913919962639,3.1281899134860063,0.14383852519952553,2.6829478346456703,0.7697118213856016,3.0074685788259674,0.15193906333857612,4.7305474610949245,0.7419799374869641,3.129607700392372,0.1439872251683246
0,3.6825787401574797,0.7259096086281768,3.5434669052774797,0.05644343478628365,4.656829313658625,0.7038137609046995,3.616673470187069,0.05293353899994426,2.293860728346456,0.7559216833098512,3.423196476265146,0.061203690705721285,4.411928823857651,0.7036169898115255,3.6135878935200654,0.0531876783885008
0,2.6793184055118107,0.7978240327368757,3.385622156194913,0.07197504672108951,3.9271498542997088,0.7635282980433103,3.5113486157675617,0.06642055332594761,2.2185039370078745,0.8067759341272284,3.335176726091776,0.07423310720644878,3.9700539401078805,0.7609784837259421,3.5209107995021753,0.06591482697504421
0,3.759965551181105,0.7498188735959604,3.251230501591411,0.15983216841922002,5.447578895157797,0.7113967338515252,3.3930037600143126,0.15008602464349835,3.1643700787401574,0.746885373896435,3.2371089813341434,0.1601799181991925,5.221898443796889,0.7114838477282537,3.39000599454859,0.15015868998815962
0,2.7696850393700783,0.7728130225656158,3.143185245756412,0.11152813254112845,3.336040672081344,0.7558215162122048,3.2157547675393294,0.10663734948897151,1.709092027559055,0.7993267814813892,3.034760038789855,0.11722009888111572,3.64703329406659,0.7502887830875591,3.2306120883804237,0.1058053738650723
0,3.314899114173228,0.6631460792976526,3.7543424014251787,0.044674462945117295,4.007564015128029,0.6408696326530802,3.8248122853700246,0.042159780642953934,2.285740649606299,0.6662874822648835,3.707623864481787,0.04436800621648118,4.016492032984064,0.638493842634185,3.835709917050891,0.041580904601452084
0,3.2479699803149615,0.6838161574895468,3.4588013399651656,0.06701926563032815,3.472874945749892,0.6734899107333839,3.4857919154981283,0.06601250724976496,1.7185654527559053,0.6995573809051101,3.3653852854686717,0.0676481445736329,3.623783247566496,0.6649513359524908,3.5138594071821636,0.06459612981226087
0,3.055610236220472,0.7449602578618469,3.32276885869864,0.07413831899196995,4.038378076756157,0.7107195969536967,3.427655941127994,0.06810313075025054,2.3258489173228356,0.7541598187544096,3.283802630953058,0.07604988037124512,4.008742017484039,0.7130340937680204,3.419718397282097,0.06844671268857701
0,3.728531003937007,0.7594058097251812,3.1333082699927886,0.11507763017967443,4.652675305350611,0.7409788704638665,3.1930687007815646,0.10844340437518372,2.714197834645669,0.7819716692694559,3.0467022725140924,0.11817770827924465,4.700787401574806,0.7394624833289084,3.198454790056328,0.10858305745379547
0,1.1159571850393704,0.8380205330380841,2.9021333351041734,0.13265717803408278,2.035712071424143,0.787034521344526,3.092984631168383,0.12105493074523876,1.5456446850393701,0.8149151142650235,2.996286251941548,0.12866385199323138,2.239382478764959,0.7891830799314333,3.0993080250503113,0.1207697855286591
0,2.444205216535433,0.7912698852320394,3.3297173494765584,0.06756822821506966,4.007626015252032,0.742945344366694,3.499170971895324,0.05862019660055192,2.673720472440947,0.7780566260557131,3.359532625534801,0.06462834800669602,4.204042408084818,0.7431902687889334,3.5028431521529164,0.05909709475814264
0,2.441006397637795,0.7934876749306256,3.3207618505916687,0.06884063279845308,3.735011470022943,0.7496872179171511,3.4726527968949927,0.060541889079314126,2.3723548228346463,0.7835039163089054,3.3306227414149006,0.0663827899311072,3.940603881207764,0.7485653013465497,3.47746158781046,0.060663727068665615
0,2.3493479330708684,0.7950408719285823,3.3135980239090777,0.06831013137123931,4.124806249612498,0.7474189258340903,3.491298166920184,0.05967928241889094,2.8209891732283485,0.7825839608843215,3.3521710548672705,0.06562719936963307,4.263810527621059,0.7462592905470711,3.4890190117219864,0.05960443559550396
0,2.047797736220473,0.8098387960814594,3.211456499010184,0.0742889239684729,3.8108376216752444,0.7600524788657885,3.399467725849072,0.06489191718540921,2.768208661417324,0.7859121745394806,3.2919779757781504,0.0693616737575272,3.9042098084196164,0.762533222141039,3.3905489591337834,0.06562278367287223
0,1.9769931102362206,0.8146317777510524,3.161166796846045,0.07680708488858377,3.838427676855354,0.7664858095665427,3.3445147998339144,0.06753319396650569,2.738681102362204,0.7955789420843475,3.224994401682219,0.07287071465012071,3.833839667679336,0.7707207248340104,3.3310397111989567,0.06848499523770712
0,3.821973425196851,0.739420686307268,3.478670536065224,0.061863792978074233,5.61907123814248,0.7013365761711232,3.6003783177494353,0.056935541485938206,3.127583661417324,0.7524218693604171,3.417958426434974,0.06515514093039906,5.604811209622421,0.7078778156112582,3.590359159433464,0.05732524007673104
0,3.2955831692913384,0.7528163290612642,3.418507211966223,0.0710411282272759,4.510199020398043,0.7255891051625015,3.5094878380688197,0.0661572305846577,2.2044783464566944,0.7841199598457645,3.2985118511006437,0.07631158530139323,4.2748465496931,0.7313887353924162,3.4886087024823613,0.06769533261305968
0,3.3972687007874023,0.7336040412120738,3.4870583614658424,0.06464539387819004,4.424576849153698,0.7103645055868679,3.564321457960278,0.06071995924759417,2.1899606299212593,0.7705254003766641,3.363069271535854,0.07011243569606276,4.469836939673881,0.7088810468791865,3.570028454894194,0.06082645769358749
0,2.595718503937006,0.7337955233184221,3.747706744707344,0.05234458668380227,4.14204228408457,0.6851117743537288,3.9191118562430667,0.046795609370250284,2.8050565944881893,0.7233735793862017,3.7667124167340686,0.05152030366316593,4.309690619381238,0.682875328160915,3.9247197015142143,0.04652336659128027
0,1.7380044291338586,0.7330302575500192,3.55798636224061,0.0759872255828496,2.512741025482051,0.6918741799543107,3.6880143223595607,0.06807680116693235,1.2458784448818894,0.7525095702171634,3.4729576464921657,0.07625209598563729,2.3163866327732645,0.7022587429817702,3.6622710516465617,0.06945729664290881
0,3.096333661417323,0.7911573634603333,3.214682104121701,0.08601672196020173,4.468410936821875,0.7431268122083676,3.3799403443879976,0.0769965812980172,2.6429010826771657,0.7741204013228142,3.2622010253160005,0.08207038795669383,4.597371194742389,0.7414023101056033,3.3900591274623078,0.07618858272002614
0,3.3668799212598417,0.8001260598575823,3.064089848255796,0.09782991013735935,4.528551057102113,0.7702928256381478,3.17814746448224,0.09011054161980604,2.764825295275592,0.8017597233620934,3.0485128172122087,0.09725759911724902,4.76216752433505,0.7707900004013829,3.180197504658709,0.09027848472957781
0,3.7262549212598413,0.7993144924968153,2.9336752882799106,0.14868682306944703,4.742141484282972,0.7769899301473594,3.0058453728105223,0.14264905037963097,2.572281003937008,0.8106081576242857,2.85879434790285,0.15218473845150823,5.3966147932295865,0.7687493830517791,3.033592363766652,0.14086827566053922
0,5.4689345472440944,0.7197661495245906,3.395590494845255,0.09580976718105778,7.411742823485649,0.6831244503183396,3.502500685035711,0.08627019727844404,4.939653051181101,0.7032353389700556,3.414706031781371,0.09048074224078138,7.787711575423152,0.6753754293181115,3.519912546767937,0.08451873702061004
0,5.576464074803151,0.7238385283747013,3.295904047951338,0.11811215101922391,7.474114948229898,0.6942162254551836,3.3860785523017145,0.10845405229777538,4.693097933070866,0.7155586059158164,3.2910008774636514,0.11336516435239902,8.017732035464071,0.6846140696791461,3.412967011459519,0.10675955458179132
0,5.38761072834646,0.7220717055721423,3.321546273897206,0.11046283084997809,7.557381114762224,0.688894865747878,3.4254982646826155,0.10046341296725003,4.933439960629923,0.7107541309324295,3.339273011451438,0.10537472808344056,7.930001860003719,0.6771175480910084,3.4549514934736534,0.0982103567530342
0,5.18350147637795,0.7207874629493467,3.309876682370331,0.11465635174922693,7.472750945501892,0.6846479271209267,3.4201901658020017,0.10376439774517593,5.074126476377955,0.7093319985216069,3.325149374896653,0.10867614197386596,7.898319796639593,0.6756930399121375,3.4385455622201864,0.10178666144423865
0,4.841781496062994,0.7305237750232512,3.287781075478105,0.12277254412907262,7.498666997333996,0.6887814039475817,3.4184681695567876,0.11084885081295986,5.436146653543309,0.7080644155635247,3.341709068778904,0.11633591596040613,7.930807861615729,0.680256856629341,3.4420530587500275,0.10895875037456568
0,5.122354822834645,0.7303552055364164,3.20945852385917,0.1316642508162946,7.9029698059396125,0.6931312832054366,3.3279603739371257,0.11908145361333816,5.8320620078740175,0.7142291711966664,3.2517366235468232,0.12429147526752085,8.450058900117801,0.6822505370746373,3.357305275037043,0.11641080278874553
0,3.114972933070867,0.7756619359011986,3.179798169308867,0.10353289224644852,4.627131254262512,0.7452610800913672,3.2846991073285676,0.09704022309650417,2.7962598425196874,0.7887075823295181,3.1250372693065285,0.10562910871915486,5.050344100688204,0.7387504126872592,3.313440421046303,0.09546274489659783
0,3.0995939960629943,0.7693892872397149,3.2487628720400172,0.1045764197241285,4.255688511377026,0.73813540542504,3.349172026154918,0.0971605715298975,2.3425812007874027,0.7878416548595829,3.165309780192691,0.10769419646749451,4.67939735879472,0.731631792256358,3.3767105309563052,0.09598677260470652
0,1.6019315944881884,0.8000550056292401,3.186482878119912,0.0844235639887295,2.0611321222642456,0.7705437858296202,3.288963532639753,0.07662132467299222,1.2095841535433076,0.8080767198604164,3.1409068175520205,0.0851259545536669,2.3989707979415966,0.7622554057310109,3.3238400418658323,0.07515447531360062
0,4.234621062992128,0.7130174705268342,3.6243331868775077,0.07592668047884926,4.498232996465993,0.7057807305341547,3.647905497851744,0.0742584468614904,2.0351870078740153,0.7789847432934321,3.364828282364202,0.08792348120584911,4.7634695269390575,0.7034213435343669,3.658823383732807,0.07390760165611096
0,2.9901574803149598,0.765260510297153,3.288690563279273,0.0939493680134821,4.03193006386013,0.7339589131681782,3.386427182986241,0.08801799226761699,2.415907972440947,0.7707567904673853,3.2300550979972327,0.09532414243051139,4.06491412982826,0.736249134942381,3.3808341873420775,0.088323380069167
0,3.067359744094486,0.7279427389093572,3.281340443964345,0.11173057899094313,3.962861925723851,0.7056638013281961,3.3534248077397595,0.10655211613603832,2.554625984251969,0.7342872954520693,3.2542922143616977,0.11241391238885994,4.078182156364314,0.7061202931405268,3.363504167330665,0.10594392755528645
0,3.7448326771653524,0.6926672018832805,3.7020192449646765,0.05419662658172969,4.919585839171676,0.6700239067792484,3.7800221402653342,0.050689618088269585,3.255720964566929,0.7010233429299245,3.6709387761477874,0.054509223154188505,4.845867691735386,0.6691986177157352,3.785808593877857,0.05045906942207584
0,4.269008366141731,0.7026091207541973,3.6706679655855843,0.0542082724180097,5.468410936821876,0.671871624187924,3.7754452829786187,0.04968112335629472,3.6062376968503953,0.7079134446789258,3.649681283819594,0.05509322542082583,5.763717527435052,0.6694390443367598,3.7831320127976884,0.0493334456195851
0,4.5960875984251945,0.6948394517565623,3.6959896141337203,0.0540349793468142,5.704631409262819,0.6659959119844824,3.7872382172647687,0.04956788635134713,3.4852362204724416,0.7070210224699351,3.646099475147425,0.05531948576104178,5.8427056854113735,0.6639064050017262,3.7948979171680772,0.04944987315729483
0,4.610482283464565,0.6955486394404676,3.683274414112447,0.05463756008078423,5.646909293818585,0.6694008087607142,3.770650026193681,0.05030363281633003,3.4483882874015754,0.7096358079096132,3.629165543090326,0.05620195444492451,5.868683737367475,0.6663168719336044,3.780363641597948,0.04987389880539573
0,3.926550196850393,0.7123063080406636,3.6901139883006433,0.058062732031225785,5.490420980841964,0.666292983106258,3.842192333809436,0.05088707554809864,3.9905880905511815,0.7016855347269428,3.7245754065934715,0.05638007803115215,5.658813317626639,0.6686293867132965,3.839920948429236,0.05147226346284794
0,1.5431840551181106,0.8199759776874551,3.0236302668821593,0.10959273835051571,2.297538595077192,0.7785270218952592,3.175375981366617,0.09956894134136703,1.3374138779527565,0.8107727103290271,3.0428592283879468,0.10800608161274913,2.248186496372993,0.7689070822075029,3.202404342431001,0.09722272925852828
0,1.578248031496063,0.8318438028534307,3.033734005756851,0.10450159309742445,2.4315208630417264,0.7859122401487239,3.215478424588954,0.09360442293331744,1.6007627952755916,0.8089880850386877,3.120427322245262,0.09911482713590417,2.4663649327298653,0.778105894219849,3.2425923896587867,0.09156672768054452
0,2.31502214566929,0.7413534330047165,3.280745521693335,0.12113829177609527,5.061690123380246,0.6887010971875936,3.461866773726488,0.11083608099388063,4.074187992125985,0.7057123308822714,3.401073021649828,0.11500713266319111,5.260710521421042,0.6803973323709935,3.4768830643413815,0.10867918666831196
0,2.7906619094488194,0.8114563051023943,3.1752969750520172,0.09549998982810465,3.260896521793045,0.7879089939927375,3.263839535648356,0.08982939033520203,1.4613681102362213,0.8306586675814991,3.0943167156783464,0.09843931376095175,3.256432512865029,0.7898931462165889,3.2648406867358912,0.09001491981531926
0,3.0644685039370088,0.7985094787981231,3.238309478697387,0.08754531412871419,3.5241490482980966,0.7726928650839983,3.330142497942749,0.08194342162135877,1.5485359251968493,0.8119094712320428,3.1763407993363293,0.08900378909156252,3.4564449128898267,0.7818062984342254,3.3129971618995677,0.08348980558088842
0,4.481114665354334,0.7293898668364843,3.5423599368151204,0.0585153681293691,6.398040796081593,0.6940632865946343,3.653964275449288,0.053668895297366494,3.6059916338582694,0.7495862376360218,3.4689823514817855,0.06212059927781963,6.249116498232997,0.696102778219105,3.6456994404523995,0.05358635275519665
0,3.8218503937007875,0.7451454952710643,3.3081227052096667,0.10980429712324277,4.710707421414845,0.7242787898909457,3.3945402578662636,0.10273893552933115,2.3807209645669314,0.7806670842084987,3.182978380911301,0.11920900526371368,5.292516585033172,0.7196375001786239,3.4156585857641897,0.10211406968787046
